安井金毘羅宮,,仮コンセプト,仮説明,仮タグ,35.00040221,135.7768364,京都市,0
岡崎神社,,仮コンセプト,仮説明,仮タグ,35.01758176,135.7896552,京都市,0
下鴨神社,,仮コンセプト,仮説明,仮タグ,35.03909197,135.7738436,京都市,0
下御霊神社,,仮コンセプト,仮説明,仮タグ,35.01698703,135.7684154,京都市,0
河合神社,,仮コンセプト,仮説明,仮タグ,35.03484028,135.7724844,京都市,0
賀茂波爾神社,,仮コンセプト,仮説明,仮タグ,35.04328153,135.7832119,京都市,0
貴船神社,,仮コンセプト,仮説明,仮タグ,35.12491248,135.7711578,京都市,0
吉田神社,,仮コンセプト,仮説明,仮タグ,35.02588173,135.7863328,京都市,0
京都ゑびす神社,,仮コンセプト,仮説明,仮タグ,34.99997101,135.772265,京都市,0
京都大神宮,,仮コンセプト,仮説明,仮タグ,35.00272472,135.7677023,京都市,0
錦天満宮,,仮コンセプト,仮説明,仮タグ,35.00516172,135.7677382,京都市,0
熊野神社,,仮コンセプト,仮説明,仮タグ,35.01782333,135.7785459,京都市,0
栗田神社,,仮コンセプト,仮説明,仮タグ,35.00846179,135.7857883,京都市,0
建勲神社,,仮コンセプト,仮説明,仮タグ,35.03885501,135.7437002,京都市,0
元祇園梛神社・隼神社,,仮コンセプト,仮説明,仮タグ,35.00354412,135.7444981,京都市,0
厳島神社（京都御苑）,,仮コンセプト,仮説明,仮タグ,35.01828573,135.762624,京都市,0
御金神社,,仮コンセプト,仮説明,仮タグ,35.01200903,135.7553201,京都市,0
護王神社,,仮コンセプト,仮説明,仮タグ,35.02236674,135.7593819,京都市,0
今宮神社,,仮コンセプト,仮説明,仮タグ,35.04651345,135.7437216,京都市,0
三宅八幡宮,,仮コンセプト,仮説明,仮タグ,35.06845115,135.7946192,京都市,0
市比賣神社,,仮コンセプト,仮説明,仮タグ,34.99417045,135.765361,京都市,0
若宮八幡宮,,仮コンセプト,仮説明,仮タグ,34.9954519,135.7757928,京都市,0
幸神社,,仮コンセプト,仮説明,仮タグ,35.03087073,135.76732,京都市,0
上賀茂神社,,仮コンセプト,仮説明,仮タグ,35.06052687,135.7533623,京都市,0
新宮神社,,仮コンセプト,仮説明,仮タグ,35.06074642,135.7536842,京都市,0
新日吉神宮,,仮コンセプト,仮説明,仮タグ,34.98899702,135.7787039,京都市,0
崇道神社,,仮コンセプト,仮説明,仮タグ,35.06572747,135.8011502,京都市,0
菅原院天満宮神社,,仮コンセプト,仮説明,仮タグ,35.0197372,135.7598583,京都市,0
晴明神社,,仮コンセプト,仮説明,仮タグ,35.02788297,135.7514484,京都市,0
大将軍八神社,,仮コンセプト,仮説明,仮タグ,35.02664212,135.7341065,京都市,0
滝尾神社,,仮コンセプト,仮説明,仮タグ,34.98264039,135.7710577,京都市,0
地主神社,,仮コンセプト,仮説明,仮タグ,34.99681787,135.78858,京都市,0
田中神社,,仮コンセプト,仮説明,仮タグ,35.04362467,135.8151278,京都市,0
白雲稲荷神社,,仮コンセプト,仮説明,仮タグ,35.05380445,135.7874605,京都市,0
白峯神社,,仮コンセプト,仮説明,仮タグ,35.03023664,135.7536758,京都市,0
八坂神社,,仮コンセプト,仮説明,仮タグ,35.00537803,135.7848739,京都市,0
八大神社,,仮コンセプト,仮説明,仮タグ,35.04383602,135.797021,京都市,0
半木神社,,仮コンセプト,仮説明,仮タグ,35.05008074,135.7622862,京都市,0
柊社（比良木社）,,仮コンセプト,仮説明,仮タグ,35.04583585,135.7917881,京都市,0
伏見稲荷大社,,仮コンセプト,仮説明,仮タグ,34.96819879,135.7803588,京都市,0
平安神宮,,仮コンセプト,仮説明,仮タグ,35.01615801,135.7827911,京都市,0
平野神社,,仮コンセプト,仮説明,仮タグ,35.03337432,135.7340647,京都市,0
豊国神社,,仮コンセプト,仮説明,仮タグ,34.99414316,135.7795027,京都市,0
北野天満宮,,仮コンセプト,仮説明,仮タグ,35.03134938,135.7356484,京都市,0
末刀岩上神社,,仮コンセプト,仮説明,仮タグ,35.05420838,135.7778252,京都市,0
梨木神社,,仮コンセプト,仮説明,仮タグ,35.02522015,135.7678632,京都市,0
六孫王神社,,仮コンセプト,仮説明,仮タグ,34.98479737,135.7455595,京都市,0
鷲森神社,,仮コンセプト,仮説明,仮タグ,35.04972542,135.7989397,京都市,0
曼殊院天満宮,,仮コンセプト,仮説明,仮タグ,35.04952557,135.8028345,京都市,0
,,,,,,,,
,,,,,,,,
,,,,,,,,
,,,,,,,,
,,,,,,,,
,,,,,,,,
,,,,,,,,
,,,,,,,,
,,,,,,,,
,,,,,,,,
,,,,,,,,
,,,,,,,,
,,,,,,,,
,,,,,,,,
,,,,,,,,
,,,,,,,,
,,,,,,,,
,,,,,,,,
,,,,,,,,
,,,,,,,,
,,,,,,,,
,,,,,,,,
,,,,,,,,
,,,,,,,,
,,,,,,,,
,,,,,,,,
,,,,,,,,
,,,,,,,,
,,,,,,,,
,,,,,,,,
,,,,,,,,
,,,,,,,,
,,,,,,,,
,,,,,,,,
,,,,,,,,
,,,,,,,,
,,,,,,,,
,,,,,,,,
,,,,,,,,
,,,,,,,,
,,,,,,,,
,,,,,,,,
,,,,,,,,
,,,,,,,,
,,,,,,,,
,,,,,,,,
,,,,,,,,
