仙人,INTP,"知的
分析的",,柔軟かつ論理的な思考力に長けた超・頭脳派,,,,ロジカルな発明家,,調べているときが一番楽しい人                ,,静かで落ち着いた環境で、深く思考に耽る,
将軍,ENTJ,"リーダーシップ
決断力",,徹底した合理主義者、革新的なビジョンを描く野心家,,,,道を切り開く指導者,,旅行をプロジェクト管理する人                ,,効率性重視、計画的に楽しむこと                        ,
発明家,ENTP,"斬新なアイデア
即興力",,頭の回転が早く、議論好きなアイデアマン,,,,思考大好きな討論者,,無計画を楽しむふりした計画家                ,,既存の枠にとらわれない、ユニークな体験                        ,
伝道師,INFJ,"共感力
ビジョン",,倫理観が高く、人のために生きる高潔な思想家,,,,献身的な理想主義者,,旅に意味を求めすぎる人                ,,深い精神的なつながり、自分探しの機会                        ,
祈祷者,INFP,"理想主義
内向的",,自身の気持ち・価値観に忠実な真の理想主義者,,,,ミステリアスなクリエイター,,夢は壮大、実行力は気分次第                ,,自分探し、創造性への刺激                        ,
師範,ENFJ,"カリスマ性
影響力",,みんなを巻き込み、世界を良くするカリスマリーダー,,,,なんでもできるThe・リーダー,,全員が楽しんでいるかをずっと気にする人                ,,交流を通したエネルギー補給、周りの人も幸せに                        ,
吟遊詩人,ENFP,"創造的
情熱的",,愛嬌とコミュ力に恵まれた天真爛漫な人気者,,,,コミュニケーションお化け,,旅行計画が気づいたらイベントになっている人                ,,自由奔放さ、交流を通して刺激を得ること                        ,
防人,ISTJ,"責任感
組織力",,与えられた業務を着実にこなす責任感の強い努力家,,,,信頼度最強の風紀委員,,ガイドブックを付箋だらけにする人                ,,綿密な旅行計画、正確な情報を基にした行動                        ,
庇護者,ISFJ,"献身的
実務的",,気遣いに溢れ、人のために頑張る縁の下の力持ち,,,,包容力抜群の平和主義者,,自分の希望は後回しにする人                ,,快適で安心できる環境でゆったり過ごす                        ,
船頭,ESTJ,"効率的
実行力",,規律と秩序でマネジメントする頼れるリーダー,,,,ルールを重んじるストイックエリート,,タイムキーパー兼クレーム処理係                ,,計画的な進行、明確な目標をもつこと                        ,
宿主,ESFJ,"社交的
思いやり",,みんなの悩みに共感する親切心溢れるお母さん的存在,,,,人のために全力な世話焼きさん,,みんなで同じ体験を共有したい人                ,,皆で楽しめる、喜びを分かち合う                        ,
工芸職人,ISTP,"実践的
柔軟性",,周りに揺さぶられず我が道を行くクールキャラ,,,,実験大好きな真理の探究者,,旅行に行かない、もある                ,,直接的な感覚と実践的な経験                        ,
流浪人,ISFP,"芸術的
独自性",,バランス感覚に優れ、調和を大切にする平和主義者,,,,自由で刺激が大好きな芸術家,,旅行先はカンで決める                ,,自然や芸術に触れ、美しいものを鑑賞                        ,
旗手,ESTP,"現実的
行動力",,何にでも果敢にチャレンジするアグレッシブな勇者,,,,行動こそ正義！突き進む挑戦者,,現場での判断力・交渉力で打開                ,,新しいアクティビティへの挑戦や、予想不能な展開                        ,
神楽師,ESFP,"楽観的
社交的",,とにかく今を楽しむ！愛される笑顔のムードメーカー,,,,生粋のポジティブエンターテイナー,,ついていくだけで旅を最高にする人                ,,美しい景色、美味しい食事、音楽イベントなど五感で感じる刺激                        ,
軍師,INTJ,"独立的
戦略家",,知的で革新的、精巧な計画を立てる優れた戦略家,,,,独創的な完璧主義者,,完璧主義の一人旅職人,,知的な刺激、一人でじっくり思考する時間        ,
